trip_id,stop_id,horario_real,lotacao,horario_real_dt,arrival_time_dt,real_segundos,previsto_segundos,atraso_segundos,atraso_minutos,indice_lotacao
T001,S101,06:03:20,30,06:03:20,06:00:00,21800,21600,200,3.3333333333333335,Baixa
T002,S102,06:15:10,10,06:15:10,06:10:00,22510,22200,310,5.166666666666667,Baixa
T001,S103,06:17:00,15,06:17:00,06:00:00,22620,21600,1020,17.0,Baixa
T003,S104,07:00:00,55,07:00:00,06:55:00,25200,24900,300,5.0,Alta
T004,S105,17:15:10,70,17:15:10,17:40:00,62110,63600,-1490,-24.833333333333332,Alta
T005,S106,18:00:15,30,18:00:15,18:05:00,64815,65100,-285,-4.75,Baixa
